poster,name,score,release_time,ratings_number,director,star,movie_length,movie_type,storyline,trailer_embed_link
https://m.media-amazon.com/images/M/MV5BMTMxNTMwODM0NF5BMl5BanBnXkFtZTcwODAyMTk2Mw@@.jpg,The Dark Knight,9,2008,2034891,Christopher Nolan,"Christian Bale,Heath Ledger,Aaron Eckhart",2h32min,"Action,Crime,Drama","Set within a year after the events of Batman Begins, Batman, Lieutenant James Gordon, and new district attorney Harvey Dent successfully begin to round up the criminals that plague Gotham City until a mysterious and sadistic criminal mastermind known only as the Joker appears in Gotham, creating a new wave of chaos. Batman's struggle against the Joker becomes deeply personal, forcing him to ""confront everything he believes"" and improve his technology to stop him. A love triangle develops between Bruce Wayne, Dent and Rachel Dawes.",www.youtube.com/embed/TQfATDZY5Y4
https://m.media-amazon.com/images/M/MV5BMDFkYTc0MGEtZmNhMC00ZDIzLWFmNTEtODM1ZmRlYWMwMWFmXkEyXkFqcGdeQXVyMTMxODk2OTU@.jpg,The Shawshank Redemption,9.3,1994,2068972,Frank Darabont,"Tim Robbins,Morgan Freeman,Bob Gunton",2h22min,Drama,"Chronicles the experiences of a formerly successful banker as a prisoner in the gloomy jailhouse of Shawshank after being found guilty of a crime he did not commit. The film portrays the man's unique way of dealing with his new, torturous life; along the way he befriends a number of fellow prisoners, most notably a wise long-term inmate named Red.",www.youtube.com/embed/6hB3S9bIaco
https://m.media-amazon.com/images/M/MV5BM2MyNjYxNmUtYTAwNi00MTYxLWJmNWYtYzZlODY3ZTk3OTFlXkEyXkFqcGdeQXVyNzkwMjQ5NzM@.jpg,The Godfather,9.2,1972,1419553,Francis Ford Coppola,"Marlon Brando,Al Pacino,James Caan",2h55min,"Crime,Drama","When the aging head of a famous crime family decides to transfer his position to one of his subalterns, a series of unfortunate events start happening to the family, and a war begins between all the well-known families leading to insolence, deportation, murder and revenge, and ends with the favorable successor being finally chosen.",www.youtube.com/embed/5DO-nDW43Ik
https://m.media-amazon.com/images/M/MV5BMWMwMGQzZTItY2JlNC00OWZiLWIyMDctNDk2ZDQ2YjRjMWQ0XkEyXkFqcGdeQXVyNzkwMjQ5NzM@.jpg,The Godfather: Part II,9,1974,984981,Francis Ford Coppola,"Al Pacino,Robert De Niro,Robert Duvall",3h22min,"Crime,Drama","The continuing saga of the Corleone crime family tells the story of a young Vito Corleone growing up in Sicily and in 1910s New York; and follows Michael Corleone in the 1950s as he attempts to expand the family business into Las Vegas, Hollywood and Cuba.",www.youtube.com/embed/9O1Iy9od7-A
https://m.media-amazon.com/images/M/MV5BMTMxNTMwODM0NF5BMl5BanBnXkFtZTcwODAyMTk2Mw@@.jpg,The Dark Knight,9,2008,2034891,Christopher Nolan,"Christian Bale,Heath Ledger,Aaron Eckhart",2h32min,"Action,Crime,Drama","Set within a year after the events of Batman Begins, Batman, Lieutenant James Gordon, and new district attorney Harvey Dent successfully begin to round up the criminals that plague Gotham City until a mysterious and sadistic criminal mastermind known only as the Joker appears in Gotham, creating a new wave of chaos. Batman's struggle against the Joker becomes deeply personal, forcing him to ""confront everything he believes"" and improve his technology to stop him. A love triangle develops between Bruce Wayne, Dent and Rachel Dawes.",www.youtube.com/embed/TQfATDZY5Y4
https://m.media-amazon.com/images/M/MV5BMWU4N2FjNzYtNTVkNC00NzQ0LTg0MjAtYTJlMjFhNGUxZDFmXkEyXkFqcGdeQXVyNjc1NTYyMjg@.jpg,12 Angry Men,8.9,1957,584083,Sidney Lumet,"Henry Fonda,Lee J. Cobb,Martin Balsam",1h36min,Drama,"The defense and the prosecution have rested and the jury is filing into the jury room to decide if a young man is guilty or innocent of murdering his father. What begins as an open-and-shut case of murder soon becomes a detective story that presents a succession of clues creating doubt, and a mini-drama of each of the jurors' prejudices and preconceptions about the trial, the accused, and each other. Based on the play, all of the action takes place on the stage of the jury room.",www.youtube.com/embed/_13J_9B5jEk
https://m.media-amazon.com/images/M/MV5BNDE4OTMxMTctNmRhYy00NWE2LTg3YzItYTk3M2UwOTU5Njg4XkEyXkFqcGdeQXVyNjU0OTQ0OTY@.jpg,Schindler's List,8.9,1993,1072068,Steven Spielberg,"Liam Neeson,Ralph Fiennes,Ben Kingsley",3h15min,"Biography,Drama,History","Oskar Schindler is a vainglorious and greedy German businessman who becomes an unlikely humanitarian amid the barbaric German Nazi reign when he feels compelled to turn his factory into a refuge for Jews. Based on the true story of Oskar Schindler who managed to save about 1100 Jews from being gassed at the Auschwitz concentration camp, it is a testament to the good in all of us.",www.youtube.com/embed/gG22XNhtnoY
https://m.media-amazon.com/images/M/MV5BNzA5ZDNlZWMtM2NhNS00NDJjLTk4NDItYTRmY2EwMWZlMTY3XkEyXkFqcGdeQXVyNzkwMjQ5NzM@.jpg,The Lord of the Rings: The Return of the King,8.9,2003,1472965,Peter Jackson,"Elijah Wood,Viggo Mortensen,Ian McKellen",3h21min,"Adventure,Drama,Fantasy","The final confrontation between the forces of good and evil fighting for control of the future of Middle-earth. Frodo and Sam reach Mordor in their quest to destroy the One Ring, while Aragorn leads the forces of good against Sauron's evil army at the stone city of Minas Tirith.",www.youtube.com/embed/r5X-hFf6Bwo
https://m.media-amazon.com/images/M/MV5BNGNhMDIzZTUtNTBlZi00MTRlLWFjM2ItYzViMjE3YzI5MjljXkEyXkFqcGdeQXVyNzkwMjQ5NzM@.jpg,Pulp Fiction,8.9,1994,1617798,Quentin Tarantino,"John Travolta,Uma Thurman,Samuel L. Jackson",2h34min,"Crime,Drama","Jules Winnfield (Samuel L. Jackson) and Vincent Vega (John Travolta) are two hit men who are out to retrieve a suitcase stolen from their employer, mob boss Marsellus Wallace (Ving Rhames). Wallace has also asked Vincent to take his wife Mia (Uma Thurman) out a few days later when Wallace himself will be out of town. Butch Coolidge (Bruce Willis) is an aging boxer who is paid by Wallace to lose his fight. The lives of these seemingly unrelated people are woven together comprising of a series of funny, bizarre and uncalled-for incidents.",www.youtube.com/embed/s7EdQ4FqbhY
https://m.media-amazon.com/images/M/MV5BOTQ5NDI3MTI4MF5BMl5BanBnXkFtZTgwNDQ4ODE5MDE@.jpg,"The Good, the Bad and the Ugly",8.9,1966,614048,Sergio Leone,"Clint Eastwood,Eli Wallach,Lee Van Cleef",2h58min,Western,"Blondie (The Good) is a professional gunslinger who is out trying to earn a few dollars. Angel Eyes (The Bad) is a hit man who always commits to a task and sees it through, as long as he is paid to do so. And Tuco (The Ugly) is a wanted outlaw trying to take care of his own hide. Tuco and Blondie share a partnership together making money off Tuco's bounty, but when Blondie unties the partnership, Tuco tries to hunt down Blondie. When Blondie and Tuco come across a horse carriage loaded with dead bodies, they soon learn from the only survivor (Bill Carson) that he and a few other men have buried a stash of gold in a cemetery. Unfortunately Carson dies and Tuco only finds out the name of the cemetery, while Blondie finds out the name on the grave. Now the two must keep each other alive in order to find the gold. Angel Eyes (who had been looking for Bill Carson) discovers that Tuco and Blondie met with Carson and knows they know the location of the gold. All he needs is for the two to ...",www.youtube.com/embed/WCN5JJY_wiA
https://m.media-amazon.com/images/M/MV5BMjJmYTNkNmItYjYyZC00MGUxLWJhNWMtZDY4Nzc1MDAwMzU5XkEyXkFqcGdeQXVyNzkwMjQ5NzM@.jpg,Fight Club,8.8,1999,1655662,David Fincher,"Brad Pitt,Edward Norton,Meat Loaf",2h19min,Drama,"A nameless first person narrator (Edward Norton) attends support groups in attempt to subdue his emotional state and relieve his insomniac state. When he meets Marla (Helena Bonham Carter), another fake attendee of support groups, his life seems to become a little more bearable. However when he associates himself with Tyler (Brad Pitt) he is dragged into an underground fight club and soap making scheme. Together the two men spiral out of control and engage in competitive rivalry for love and power. When the narrator is exposed to the hidden agenda of Tyler's fight club, he must accept the awful truth that Tyler may not be who he says he is.",www.youtube.com/embed/qtRKdVHc-cE
https://m.media-amazon.com/images/M/MV5BN2EyZjM3NzUtNWUzMi00MTgxLWI0NTctMzY4M2VlOTdjZWRiXkEyXkFqcGdeQXVyNDUzOTQ5MjY@.jpg,The Lord of the Rings: The Fellowship of the Ring,8.8,2001,1489539,Peter Jackson,"Elijah Wood,Ian McKellen,Orlando Bloom",2h58min,"Adventure,Drama,Fantasy","An ancient Ring thought lost for centuries has been found, and through a strange twist of fate has been given to a small Hobbit named Frodo. When Gandalf discovers the Ring is in fact the One Ring of the Dark Lord Sauron, Frodo must make an epic quest to the Cracks of Doom in order to destroy it. However, he does not go alone. He is joined by Gandalf, Legolas the elf, Gimli the Dwarf, Aragorn, Boromir, and his three Hobbit friends Merry, Pippin, and Samwise. Through mountains, snow, darkness, forests, rivers and plains, facing evil and danger at every corner the Fellowship of the Ring must go. Their quest to destroy the One Ring is the only hope for the end of the Dark Lords reign.",www.youtube.com/embed/V75dMMIW2B4
https://m.media-amazon.com/images/M/MV5BNWIwODRlZTUtY2U3ZS00Yzg1LWJhNzYtMmZiYmEyNmU1NjMzXkEyXkFqcGdeQXVyMTQxNzMzNDI@.jpg,Forrest Gump,8.8,1994,1585693,Robert Zemeckis,"Tom Hanks,Robin Wright,Gary Sinise",2h22min,"Drama,Romance","Forrest Gump is a simple man with a low I.Q. but good intentions. He is running through childhood with his best and only friend Jenny. His 'mama' teaches him the ways of life and leaves him to choose his destiny. Forrest joins the army for service in Vietnam, finding new friends called Dan and Bubba, he wins medals, creates a famous shrimp fishing fleet, inspires people to jog, starts a ping-pong craze, creates the smiley, writes bumper stickers and songs, donates to people and meets the president several times. However, this is all irrelevant to Forrest who can only think of his childhood sweetheart Jenny Curran, who has messed up her life. Although in the end all he wants to prove is that anyone can love anyone.",www.youtube.com/embed/bLvqoHBptjg
https://m.media-amazon.com/images/M/MV5BYmU1NDRjNDgtMzhiMi00NjZmLTg5NGItZDNiZjU5NTU4OTE0XkEyXkFqcGdeQXVyNzkwMjQ5NzM@.jpg,Star Wars: Episode V - The Empire Strikes Back,8.8,1980,1038231,Irvin Kershner,"Mark Hamill,Harrison Ford,Carrie Fisher",2h4min,"Action,Adventure,Fantasy","Luke Skywalker, Han Solo, Princess Leia and Chewbacca face attack by the Imperial forces and its AT-AT walkers on the ice planet Hoth. While Han and Leia escape in the Millennium Falcon, Luke travels to Dagobah in search of Yoda. Only with the Jedi Master's help will Luke survive when the Dark Side of the Force beckons him into the ultimate duel with Darth Vader.",www.youtube.com/embed/JNwNXF9Y6kY
https://m.media-amazon.com/images/M/MV5BMjAxMzY3NjcxNF5BMl5BanBnXkFtZTcwNTI5OTM0Mw@@.jpg,Inception,8.8,2010,1813801,Christopher Nolan,"Leonardo DiCaprio,Joseph Gordon-Levitt,Ellen Page",2h28min,"Action,Adventure,Sci-Fi","Dom Cobb is a skilled thief, the absolute best in the dangerous art of extraction, stealing valuable secrets from deep within the subconscious during the dream state, when the mind is at its most vulnerable. Cobb's rare ability has made him a coveted player in this treacherous new world of corporate espionage, but it has also made him an international fugitive and cost him everything he has ever loved. Now Cobb is being offered a chance at redemption. One last job could give him his life back but only if he can accomplish the impossible - inception. Instead of the perfect heist, Cobb and his team of specialists have to pull off the reverse: their task is not to steal an idea but to plant one. If they succeed, it could be the perfect crime. But no amount of careful planning or expertise can prepare the team for the dangerous enemy that seems to predict their every move. An enemy that only Cobb could have seen coming.",www.youtube.com/embed/YoHD9XEInc0
https://m.media-amazon.com/images/M/MV5BNGE5MzIyNTAtNWFlMC00NDA2LWJiMjItMjc4Yjg1OWM5NzhhXkEyXkFqcGdeQXVyNzkwMjQ5NzM@.jpg,The Lord of the Rings: The Two Towers,8.7,2002,1332112,Peter Jackson,"Elijah Wood,Ian McKellen,Viggo Mortensen",2h59min,"Adventure,Drama,Fantasy","The continuing quest of Frodo and the Fellowship to destroy the One Ring. Frodo and Sam discover they are being followed by the mysterious Gollum. Aragorn, the Elf archer Legolas, and Gimli the Dwarf encounter the besieged Rohan kingdom, whose once great King Theoden has fallen under Saruman's deadly spell.",www.youtube.com/embed/LbfMDwc4azU
https://m.media-amazon.com/images/M/MV5BZjA0OWVhOTAtYWQxNi00YzNhLWI4ZjYtNjFjZTEyYjJlNDVlL2ltYWdlL2ltYWdlXkEyXkFqcGdeQXVyMTQxNzMzNDI@.jpg,One Flew Over the Cuckoo's Nest,8.7,1975,820809,Milos Forman,"Jack Nicholson,Louise Fletcher,Will Sampson",2h13min,Drama,"McMurphy has a criminal past and has once again gotten himself into trouble and is sentenced by the court. To escape labor duties in prison, McMurphy pleads insanity and is sent to a ward for the mentally unstable. Once here, McMurphy both endures and stands witness to the abuse and degradation of the oppressive Nurse Ratched, who gains superiority and power through the flaws of the other inmates. McMurphy and the other inmates band together to make a rebellious stance against the atrocious Nurse.",www.youtube.com/embed/OXrcDonY-B8
https://m.media-amazon.com/images/M/MV5BY2NkZjEzMDgtN2RjYy00YzM1LWI4ZmQtMjIwYjFjNmI3ZGEwXkEyXkFqcGdeQXVyNzkwMjQ5NzM@.jpg,Goodfellas,8.7,1990,893214,Martin Scorsese,"Robert De Niro,Ray Liotta,Joe Pesci",2h26min,"Biography,Crime,Drama","Henry Hill might be a small time gangster, who may have taken part in a robbery with Jimmy Conway and Tommy De Vito, two other gangsters who might have set their sights a bit higher. His two partners could kill off everyone else involved in the robbery, and slowly start to think about climbing up through the hierarchy of the Mob. Henry, however, might be badly affected by his partners' success, but will he consider stooping low enough to bring about the downfall of Jimmy and Tommy?",www.youtube.com/embed/qo5jJpHtI1Y
https://m.media-amazon.com/images/M/MV5BNzQzOTk3OTAtNDQ0Zi00ZTVkLWI0MTEtMDllZjNkYzNjNTc4L2ltYWdlXkEyXkFqcGdeQXVyNjU0OTQ0OTY@.jpg,The Matrix,8.7,1999,1486185,Lana Wachowski,"Keanu Reeves,Laurence Fishburne,Carrie-Anne Moss",2h16min,"Action,Sci-Fi","Thomas A. Anderson is a man living two lives. By day he is an average computer programmer and by night a hacker known as Neo. Neo has always questioned his reality, but the truth is far beyond his imagination. Neo finds himself targeted by the police when he is contacted by Morpheus, a legendary computer hacker branded a terrorist by the government. Morpheus awakens Neo to the real world, a ravaged wasteland where most of humanity have been captured by a race of machines that live off of the humans' body heat and electrochemical energy and who imprison their minds within an artificial reality known as the Matrix. As a rebel against the machines, Neo must return to the Matrix and confront the agents: super-powerful computer programs devoted to snuffing out Neo and the entire human rebellion.",www.youtube.com/embed/vKQi3bBA1y8
https://m.media-amazon.com/images/M/MV5BN2RhYzQ2YTUtYzk0Yy00MTc2LThjNDQtNGVkMDkzNzZiYjVhXkEyXkFqcGdeQXVyMTMxODk2OTU@.jpg,Seven Samurai,8.7,1954,279502,Akira Kurosawa,"Toshirô Mifune,Takashi Shimura,Keiko Tsushima",3h27min,"Adventure,Drama","A veteran samurai, who has fallen on hard times, answers a village's request for protection from bandits. He gathers 6 other samurai to help him, and they teach the townspeople how to defend themselves, and they supply the samurai with three small meals a day. The film culminates in a giant battle when 40 bandits attack the village.",www.youtube.com/embed/bBfgNpSQm3I
https://m.media-amazon.com/images/M/MV5BOTUwODM5MTctZjczMi00OTk4LTg3NWUtNmVhMTAzNTNjYjcyXkEyXkFqcGdeQXVyNjU0OTQ0OTY@.jpg,Se7en,8.6,1995,1268884,David Fincher,"Morgan Freeman,Brad Pitt,Kevin Spacey",2h7min,"Crime,Drama,Mystery","A film about two homicide detectives' (Morgan Freeman and Brad Pitt) desperate hunt for a serial killer who justifies his crimes as absolution for the world's ignorance of the Seven Deadly Sins. The movie takes us from the tortured remains of one victim to the next as the sociopathic ""John Doe"" (Kevin Spacey) sermonizes to Detectives Somerset and Mills -- one sin at a time. The sin of Gluttony comes first and the murderer's terrible capacity is graphically demonstrated in the dark and subdued tones characteristic of film noir. The seasoned and cultured but jaded Somerset researches the Seven Deadly Sins in an effort to understand the killer's modus operandi while the bright but green and impulsive Detective Mills (Pitt) scoffs at his efforts to get inside the mind of a killer...",www.youtube.com/embed/znmZoVkCjpI
https://m.media-amazon.com/images/M/MV5BMGU5OWEwZDItNmNkMC00NzZmLTk1YTctNzVhZTJjM2NlZTVmXkEyXkFqcGdeQXVyMTMxODk2OTU@.jpg,City of God,8.6,2002,636775,Fernando Meirelles,"Alexandre Rodrigues,Leandro Firmino,Matheus Nachtergaele",2h10min,"Crime,Drama","Brazil, 1960s, City of God. The Tender Trio robs motels and gas trucks. Younger kids watch and learn well...too well. 1970s: Li'l Zé has prospered very well and owns the city. He causes violence and fear as he wipes out rival gangs without mercy. His best friend Bené is the only one to keep him on the good side of sanity. Rocket has watched these two gain power for years, and he wants no part of it. Yet he keeps getting swept up in the madness. All he wants to do is take pictures. 1980s: Things are out of control between the last two remaining gangs...will it ever end? Welcome to the City of God.",www.youtube.com/embed/dcUOO4Itgmw
https://m.media-amazon.com/images/M/MV5BNzVlY2MwMjktM2E4OS00Y2Y3LWE3ZjctYzhkZGM3YzA1ZWM2XkEyXkFqcGdeQXVyNzkwMjQ5NzM@.jpg,Star Wars: Episode IV - A New Hope,8.6,1977,1107930,George Lucas,"Mark Hamill,Harrison Ford,Carrie Fisher",2h1min,"Action,Adventure,Fantasy","The Imperial Forces, under orders from cruel Darth Vader, hold Princess Leia hostage in their efforts to quell the rebellion against the Galactic Empire. Luke Skywalker and Han Solo, captain of the Millennium Falcon, work together with the companionable droid duo R2-D2 and C-3PO to rescue the beautiful princess, help the Rebel Alliance and restore freedom and justice to the Galaxy.",www.youtube.com/embed/vZ734NWnAHA
https://m.media-amazon.com/images/M/MV5BNjNhZTk0ZmEtNjJhMi00YzFlLWE1MmEtYzM1M2ZmMGMwMTU4XkEyXkFqcGdeQXVyNjU0OTQ0OTY@.jpg,The Silence of the Lambs,8.6,1991,1116377,Jonathan Demme,"Jodie Foster,Anthony Hopkins,Lawrence A. Bonney",1h58min,"Crime,Drama,Thriller","FBI trainee Clarice Starling works hard to advance her career, while trying to hide/put behind her West Virginia roots, of which if some knew, would automatically classify her as being backward or white trash. After graduation, she aspires to work in the agency's Behavioral Science Unit under the leadership of Jack Crawford. While she is still a trainee, Crawford asks her to question Dr. Hannibal Lecter, a psychiatrist imprisoned, thus far, for eight years in maximum security isolation for being a serial killer who cannibalized his victims. Clarice is able to figure out the assignment is to pick Lecter's brains to help them solve another serial murder case, that of someone coined by the media as Buffalo Bill, who has so far killed five victims, all located in the eastern US, all young women who are slightly overweight (especially around the hips), all who were drowned in natural bodies of water, and all who were stripped of large swaths of skin. She also figures that Crawford chose ...",www.youtube.com/embed/W6Mm8Sbe__o
https://m.media-amazon.com/images/M/MV5BZjc4NDZhZWMtNGEzYS00ZWU2LThlM2ItNTA0YzQ0OTExMTE2XkEyXkFqcGdeQXVyNjUwMzI2NzU@.jpg,It's a Wonderful Life,8.6,1946,352173,Frank Capra,"James Stewart,Donna Reed,Lionel Barrymore",2h10min,"Drama,Family,Fantasy","George Bailey has spent his entire life giving of himself to the people of Bedford Falls. He has always longed to travel but never had the opportunity in order to prevent rich skinflint Mr. Potter from taking over the entire town. All that prevents him from doing so is George's modest building and loan company, which was founded by his generous father. But on Christmas Eve, George's Uncle Billy loses the business's $8,000 while intending to deposit it in the bank. Potter finds the misplaced money and hides it from Billy. When the bank examiner discovers the shortage later that night, George realizes that he will be held responsible and sent to jail and the company will collapse, finally allowing Potter to take over the town. Thinking of his wife, their young children, and others he loves will be better off with him dead, he contemplates suicide. But the prayers of his loved ones result in a gentle angel named Clarence coming to earth to help George, with the promise of earning his ...",www.youtube.com/embed/ewe4lg8zTYA
https://m.media-amazon.com/images/M/MV5BYmJmM2Q4NmMtYThmNC00ZjRlLWEyZmItZTIwOTBlZDQ3NTQ1XkEyXkFqcGdeQXVyMTQxNzMzNDI@.jpg,Life Is Beautiful,8.6,1997,544077,Roberto Benigni,"Roberto Benigni,Nicoletta Braschi,Giorgio Cantarini",1h56min,"Comedy,Drama,Romance","In 1930s Italy, a carefree Jewish book keeper named Guido starts a fairy tale life by courting and marrying a lovely woman from a nearby city. Guido and his wife have a son and live happily together until the occupation of Italy by German forces. In an attempt to hold his family together and help his son survive the horrors of a Jewish Concentration Camp, Guido imagines that the Holocaust is a game and that the grand prize for winning is a tank.",www.youtube.com/embed/pAYEQP8gx3w
https://m.media-amazon.com/images/M/MV5BOGJjNzZmMmUtMjljNC00ZjU5LWJiODQtZmEzZTU0MjBlNzgxL2ltYWdlXkEyXkFqcGdeQXVyNTAyODkwOQ@@.jpg,Spirited Away,8.6,2001,548116,Hayao Miyazaki,"Daveigh Chase,Suzanne Pleshette,Miyu Irino",2h5min,"Animation,Adventure,Family","Chihiro and her parents are moving to a small Japanese town in the countryside, much to Chihiro's dismay. On the way to their new home, Chihiro's father makes a wrong turn and drives down a lonely one-lane road which dead-ends in front of a tunnel. Her parents decide to stop the car and explore the area. They go through the tunnel and find an abandoned amusement park on the other side, with its own little town. When her parents see a restaurant with great-smelling food but no staff, they decide to eat and pay later. However, Chihiro refuses to eat and decides to explore the theme park a bit more. She meets a boy named Haku who tells her that Chihiro and her parents are in danger, and they must leave immediately. She runs to the restaurant and finds that her parents have turned into pigs. In addition, the theme park turns out to be a town inhabited by demons, spirits, and evil gods. At the center of the town is a bathhouse where these creatures go to relax. The owner of the bathhouse ...",www.youtube.com/embed/ByXuk9QqQkk
https://m.media-amazon.com/images/M/MV5BZjhkMDM4MWItZTVjOC00ZDRhLThmYTAtM2I5NzBmNmNlMzI1XkEyXkFqcGdeQXVyNDYyMDk5MTU@.jpg,Saving Private Ryan,8.6,1998,1094034,Steven Spielberg,"Tom Hanks,Matt Damon,Tom Sizemore",2h49min,"Drama,War","Opening with the Allied invasion of Normandy on 6 June 1944, members of the 2nd Ranger Battalion under Cpt. Miller fight ashore to secure a beachhead. Amidst the fighting, two brothers are killed in action. Earlier in New Guinea, a third brother is KIA. Their mother, Mrs. Ryan, is to receive all three of the grave telegrams on the same day. The United States Army Chief of Staff, George C. Marshall, is given an opportunity to alleviate some of her grief when he learns of a fourth brother, Private James Ryan, and decides to send out 8 men (Cpt. Miller and select members from 2nd Rangers) to find him and bring him back home to his mother...",www.youtube.com/embed/RYID71hYHzg
https://m.media-amazon.com/images/M/MV5BYTViNjMyNmUtNDFkNC00ZDRlLThmMDUtZDU2YWE4NGI2ZjVmXkEyXkFqcGdeQXVyNjU0OTQ0OTY@.jpg,The Usual Suspects,8.6,1995,896080,Bryan Singer,"Kevin Spacey,Gabriel Byrne,Chazz Palminteri",1h46min,"Crime,Mystery,Thriller","Following a truck hijack in New York, five criminals are arrested and brought together for questioning. As none of them are guilty, they plan a revenge operation against the police. The operation goes well, but then the influence of a legendary mastermind criminal called Keyser Söze is felt. It becomes clear that each one of them has wronged Söze at some point and must pay back now. The payback job leaves 27 men dead in a boat explosion, but the real question arises now: Who actually is Keyser Söze?",www.youtube.com/embed/oiXdPolca5w
https://m.media-amazon.com/images/M/MV5BZDAwYTlhMDEtNTg0OS00NDY2LWJjOWItNWY3YTZkM2UxYzUzXkEyXkFqcGdeQXVyNTA4NzY1MzY@.jpg,Léon: The Professional,8.6,1994,911393,Luc Besson,"Jean Reno,Gary Oldman,Natalie Portman",1h50min,"Action,Crime,Drama","After her father, mother, older sister and little brother are killed by her father's employers, the 12-year-old daughter of an abject drug dealer is forced to take refuge in the apartment of a professional hitman who at her request teaches her the methods of his job so she can take her revenge on the corrupt DEA agent who ruined her life by killing her beloved brother.",www.youtube.com/embed/jawVxq1Iyl0
https://m.media-amazon.com/images/M/MV5BMTUxMzQyNjA5MF5BMl5BanBnXkFtZTYwOTU2NTY3.jpg,The Green Mile,8.6,1999,998618,Frank Darabont,"Tom Hanks,Michael Clarke Duncan,David Morse",3h9min,"Crime,Drama,Fantasy","Death Row guards at a penitentiary, in the 1930's, have a moral dilemma with their job when they discover one of their prisoners, a convicted murderer, has a special gift.",www.youtube.com/embed/Ki4haFrqSrw
https://m.media-amazon.com/images/M/MV5BZjdkOTU3MDktN2IxOS00OGEyLWFmMjktY2FiMmZkNWIyODZiXkEyXkFqcGdeQXVyMTMxODk2OTU@.jpg,Interstellar,8.6,2014,1273391,Christopher Nolan,"Matthew McConaughey,Anne Hathaway,Jessica Chastain",2h49min,"Adventure,Drama,Sci-Fi","Earth's future has been riddled by disasters, famines, and droughts. There is only one way to ensure mankind's survival: Interstellar travel. A newly discovered wormhole in the far reaches of our solar system allows a team of astronauts to go where no man has gone before, a planet that may have the right environment to sustain human life.",www.youtube.com/embed/2LqzF5WauAw
https://m.media-amazon.com/images/M/MV5BNTQwNDM1YzItNDAxZC00NWY2LTk0M2UtNDIwNWI5OGUyNWUxXkEyXkFqcGdeQXVyNzkwMjQ5NzM@.jpg,Psycho,8.5,1960,529651,Alfred Hitchcock,"Anthony Perkins,Janet Leigh,Vera Miles",1h49min,"Horror,Mystery,Thriller","Phoenix office worker Marion Crane is fed up with the way life has treated her. She has to meet her lover Sam in lunch breaks, and they cannot get married because Sam has to give most of his money away in alimony. One Friday, Marion is trusted to bank forty thousand dollars by her employer. Seeing the opportunity to take the money and start a new life, Marion leaves town and heads towards Sam's California store. Tired after the long drive and caught in a storm, she gets off the main highway and pulls into the Bates Motel. The motel is managed by a quiet young man called Norman who seems to be dominated by his mother.",www.youtube.com/embed/DTJQfFQ40lI
https://m.media-amazon.com/images/M/MV5BZjA0MTM4MTQtNzY5MC00NzY3LWI1ZTgtYzcxMjkyMzU4MDZiXkEyXkFqcGdeQXVyNDYyMDk5MTU@.jpg,American History X,8.5,1998,940401,Tony Kaye,"Edward Norton,Edward Furlong,Beverly D'Angelo",1h59min,Drama,"Derek Vineyard is paroled after serving 3 years in prison for brutally killing two black men who tried to break into/steal his truck. Through his brother's, Danny Vineyard, narration, we learn that before going to prison, Derek was a skinhead and the leader of a violent white supremacist gang that committed acts of racial crime throughout L.A. and his actions greatly influenced Danny. Reformed and fresh out of prison, Derek severs contact with the gang and becomes determined to keep Danny from going down the same violent path as he did.",www.youtube.com/embed/XfQYHqsiN5g
https://m.media-amazon.com/images/M/MV5BY2I4MmM1N2EtM2YzOS00OWUzLTkzYzctNDc5NDg2N2IyODJmXkEyXkFqcGdeQXVyNzkwMjQ5NzM@.jpg,City Lights,8.5,1931,143993,Charles Chaplin,"Charles Chaplin,Virginia Cherrill,Florence Lee",1h27min,"Comedy,Drama,Romance",A tramp falls in love with a beautiful blind girl. Her family is in financial trouble. The tramp's on-and-off friendship with a wealthy man allows him to be the girl's benefactor and suitor.,www.youtube.com/embed/4zY1OLF31Wc
https://m.media-amazon.com/images/M/MV5BY2IzZGY2YmEtYzljNS00NTM5LTgwMzUtMzM1NjQ4NGI0OTk0XkEyXkFqcGdeQXVyNDYyMDk5MTU@.jpg,Casablanca,8.5,1942,470405,Michael Curtiz,"Humphrey Bogart,Ingrid Bergman,Paul Henreid",1h42min,"Drama,Romance,War","The story of Rick Blaine, a cynical world-weary ex-patriate who runs a nightclub in Casablanca, Morocco during the early stages of WWII. Despite the pressure he constantly receives from the local authorities, Rick's cafe has become a kind of haven for refugees seeking to obtain illicit letters that will help them escape to America. But when Ilsa, a former lover of Rick's, and her husband, show up to his cafe one day, Rick faces a tough challenge which will bring up unforeseen complications, heartbreak and ultimately an excruciating decision to make.",www.youtube.com/embed/BkL9l7qovsE
https://m.media-amazon.com/images/M/MV5BZGI5MjBmYzYtMzJhZi00NGI1LTk3MzItYjBjMzcxM2U3MDdiXkEyXkFqcGdeQXVyNzkwMjQ5NzM@.jpg,Once Upon a Time in the West,8.5,1968,267639,Sergio Leone,"Henry Fonda,Charles Bronson,Claudia Cardinale",2h45min,Western,"Story of a young woman, Mrs. McBain, who moves from New Orleans to frontier Utah, on the very edge of the American West. She arrives to find her new husband and family slaughtered, but by whom? The prime suspect, coffee-lover Cheyenne, befriends her and offers to go after the real killer, assassin gang leader Frank, in her honor. He is accompanied by Harmonica, a man already on a quest to get even.",www.youtube.com/embed/Yw-Av9BpC-w
https://m.media-amazon.com/images/M/MV5BOWRiZDIxZjktMTA1NC00MDQ2LWEzMjUtMTliZmY3NjQ3ODJiXkEyXkFqcGdeQXVyNjU0OTQ0OTY@.jpg,The Pianist,8.5,2002,632127,Roman Polanski,"Adrien Brody,Thomas Kretschmann,Frank Finlay",2h30min,"Biography,Drama,Music","In this adaptation of the autobiography ""The Pianist: The Extraordinary True Story of One Man's Survival in Warsaw, 1939-1945,"" Wladyslaw Szpilman, a Polish Jewish radio station pianist, sees Warsaw change gradually as World War II begins. Szpilman is forced into the Warsaw Ghetto, but is later separated from his family during Operation Reinhard. From this time until the concentration camp prisoners are released, Szpilman hides in various locations among the ruins of Warsaw.",www.youtube.com/embed/BFwGqLa_oAo
https://m.media-amazon.com/images/M/MV5BYjJiZjMzYzktNjU0NS00OTkxLWEwYzItYzdhYWJjN2QzMTRlL2ltYWdlL2ltYWdlXkEyXkFqcGdeQXVyNjU0OTQ0OTY@.jpg,Modern Times,8.5,1936,186841,Charles Chaplin,"Charles Chaplin,Paulette Goddard,Henry Bergman",1h27min,"Comedy,Drama,Family","Chaplin's last 'silent' film, filled with sound effects, was made when everyone else was making talkies. Charlie turns against modern society, the machine age, (The use of sound in films ?) and progress. Firstly we see him frantically trying to keep up with a production line, tightening bolts. He is selected for an experiment with an automatic feeding machine, but various mishaps leads his boss to believe he has gone mad, and Charlie is sent to a mental hospital - When he gets out, he is mistaken for a communist while waving a red flag, sent to jail, foils a jailbreak, and is let out again. We follow Charlie through many more escapades before the film is out.",www.youtube.com/embed/GLeDdzGUTq0
https://m.media-amazon.com/images/M/MV5BMTYxNDA3MDQwNl5BMl5BanBnXkFtZTcwNTU4Mzc1Nw@@.jpg,The Intouchables,8.5,2011,664756,Olivier Nakache,"François Cluzet,Omar Sy,Anne Le Ny",1h52min,"Biography,Comedy,Drama","In Paris, the aristocratic and intellectual Philippe is a quadriplegic millionaire who is interviewing candidates for the position of his carer, with his red-haired secretary Magalie. Out of the blue, Driss cuts the line of candidates and brings a document from the Social Security and asks Phillipe to sign it to prove that he is seeking a job position so he can receive his unemployment benefit. Philippe challenges Driss, offering him a trial period of one month to gain experience helping him. Then Driss can decide whether he would like to stay with him or not. Driss accepts the challenge and moves to the mansion, changing the boring life of Phillipe and his employees.",www.youtube.com/embed/34WIbmXkewU
https://m.media-amazon.com/images/M/MV5BMTI1MTY2OTIxNV5BMl5BanBnXkFtZTYwNjQ4NjY3.jpg,The Departed,8.5,2006,1062285,Martin Scorsese,"Leonardo DiCaprio,Matt Damon,Jack Nicholson",2h31min,"Crime,Drama,Thriller","In South Boston, the state police force is waging war on Irish-American organized crime. Young undercover cop Billy Costigan is assigned to infiltrate the mob syndicate run by gangland chief Frank Costello. While Billy quickly gains Costello's confidence, Colin Sullivan, a hardened young criminal who has infiltrated the state police as an informer for the syndicate is rising to a position of power in the Special Investigation Unit. Each man becomes deeply consumed by their double lives, gathering information about the plans and counter-plans of the operations they have penetrated. But when it becomes clear to both the mob and the police that there is a mole in their midst, Billy and Colin are suddenly in danger of being caught and exposed to the enemy - and each must race to uncover the identity of the other man in time to save themselves. But is either willing to turn on their friends and comrades they've made during their long stints undercover?",www.youtube.com/embed/iojhqm0JTW4
https://m.media-amazon.com/images/M/MV5BZmU0M2Y1OGUtZjIxNi00ZjBkLTg1MjgtOWIyNThiZWIwYjRiXkEyXkFqcGdeQXVyMTQxNzMzNDI@.jpg,Back to the Future,8.5,1985,921123,Robert Zemeckis,"Michael J. Fox,Christopher Lloyd,Lea Thompson",1h56min,"Adventure,Comedy,Sci-Fi","Marty McFly, a typical American teenager of the Eighties, is accidentally sent back to 1955 in a plutonium-powered DeLorean ""time machine"" invented by a slightly mad scientist. During his often hysterical, always amazing trip back in time, Marty must make certain his teenage parents-to-be meet and fall in love - so he can get back to the future.",www.youtube.com/embed/qvsgGtivCgs
https://m.media-amazon.com/images/M/MV5BMGU2NzRmZjUtOGUxYS00ZjdjLWEwZWItY2NlM2JhNjkxNTFmXkEyXkFqcGdeQXVyNjU0OTQ0OTY@.jpg,Terminator 2: Judgment Day,8.5,1991,896037,James Cameron,"Arnold Schwarzenegger,Linda Hamilton,Edward Furlong",2h17min,"Action,Sci-Fi","Over 10 years have passed since the first cyborg called The Terminator tried to kill Sarah Connor and her unborn son, John Connor. John Connor, the future leader of the human resistance, is now a healthy young boy. However another Terminator is sent back through time called the T-1000, which is more advanced and more powerful than its predecessor. The Mission: to kill John Connor when he's still a child. However, Sarah and John do not have to face this threat of a Terminator alone. Another Terminator is also sent back through time. The mission: to protect John and Sarah Connor at all costs. The battle for tomorrow has begun...",www.youtube.com/embed/-W8CegO_Ixw
https://m.media-amazon.com/images/M/MV5BOTA5NDZlZGUtMjAxOS00YTRkLTkwYmMtYWQ0NWEwZDZiNjEzXkEyXkFqcGdeQXVyMTMxODk2OTU@.jpg,Whiplash,8.5,2014,603642,Damien Chazelle,"Miles Teller,J.K. Simmons,Melissa Benoist",1h46min,"Drama,Music","A young and talented drummer attending a prestigious music academy finds himself under the wing of the most respected professor at the school; one who does not hold back on abuse towards his students. The two form an odd relationship as the student wants to achieve greatness, and the professor pushes him.",www.youtube.com/embed/7d_jQycdQGo
https://m.media-amazon.com/images/M/MV5BNGUxYWM3M2MtMGM3Mi00ZmRiLWE0NGQtZjE5ODI2OTJhNTU0XkEyXkFqcGdeQXVyMTQxNzMzNDI@.jpg,Rear Window,8.5,1954,393385,Alfred Hitchcock,"James Stewart,Grace Kelly,Wendell Corey",1h52min,"Mystery,Thriller","Professional photographer L.B. ""Jeff"" Jefferies breaks his leg while getting an action shot at an auto race. Confined to his New York apartment, he spends his time looking out of the rear window observing the neighbors. He begins to suspect that a man across the courtyard may have murdered his wife. Jeff enlists the help of his high society fashion-consultant girlfriend Lisa Freemont and his visiting nurse Stella to investigate.",www.youtube.com/embed/m01YktiEZCw
